Model,Time_ms,Time_std_ms,Freq_Hz,Freq_std_Hz,Depth_Time_ms,Depth_Time_std_ms,Mapping_Time_ms,Mapping_Time_std_ms,MPPI_Time_ms,MPPI_Time_std_ms,VRAM_MB,VRAM_std_MB,Power_W,Power_std_W,Energy_J,Energy_std_J
GT,16.754727284424007,0.8801738183687491,59.84589831967126,3.074181080588974,0.0,0.0,2.6476478716358542,0.6577297826691301,14.107079412788153,0.38681194126152735,803.125,0.0,120.06183999999998,34.863247495814264,2.0218926493539873,0.631838302481382
FastViT-DPT,21.276793356519192,0.7176068047649704,47.04550005404445,1.3714057169746976,4.874045443721116,0.3778260613920588,2.3059666831977665,0.2566225277940552,14.09678122960031,0.3259275987782585,951.125,0.0,131.21083000000002,11.24403904747311,2.792424389440604,0.2633616189635567
DepthAnythingV2,22.461119811050594,0.47371385152493783,44.540769460435314,0.9201084776728554,6.124233284499496,0.13946738157542876,2.1966306073591113,0.2147288323993456,14.140255919191986,0.3368270638744233,1079.125,0.0,129.41813,4.470360288958821,2.9074745557528616,0.13169938955012367
